USE Estacao
go
INSERT INTO Estacao (nome) VALUES ('Philadelphia')
go
INSERT INTO Estacao (nome) VALUES ('Pennsauken')
go
INSERT INTO Estacao (nome) VALUES ('Lindenwold')
go
INSERT INTO Estacao (nome) VALUES ('Atco')
go
INSERT INTO Estacao (nome) VALUES ('Egg Harbor City')
go
INSERT INTO Estacao (nome) VALUES ('Atlantic City')
go

INSERT INTO Horario (Id,Hora) VALUES (1,'05:00:00')
go
INSERT INTO Horario (Id,Hora) VALUES (2,'05:20:00')
go
INSERT INTO Horario (Id,Hora) VALUES (3,'05:45:00')
go
INSERT INTO Horario (Id,Hora) VALUES (4,'06:10:00')
go
INSERT INTO Horario (Id,Hora) VALUES (5,'06:30:00')
go
INSERT INTO Horario (Id,Hora) VALUES (6,'06:55:00')
go
INSERT INTO Horario (Id,Hora) VALUES (7,'06:00:00')
go
INSERT INTO Horario (Id,Hora) VALUES (8,'06:20:00')
go
INSERT INTO Horario (Id,Hora) VALUES (9,'06:45:00')
go
INSERT INTO Horario (Id,Hora) VALUES (10,'07:10:00')
go
INSERT INTO Horario (Id,Hora) VALUES (11,'07:30:00')
go
INSERT INTO Horario (Id,Hora) VALUES (12,'07:55:00')
go
INSERT INTO Horario (Id,Hora) VALUES (13,'07:00:00')
go
INSERT INTO Horario (Id,Hora) VALUES (14,'07:20:00')
go
INSERT INTO Horario (Id,Hora) VALUES (15,'07:45:00')
go
INSERT INTO Horario (Id,Hora) VALUES (16,'08:10:00')
go
INSERT INTO Horario (Id,Hora) VALUES (17,'08:30:00')
go
INSERT INTO Horario (Id,Hora) VALUES (18,'08:55:00')
go
INSERT INTO Horario (Id,Hora) VALUES (19,'08:00:00')
go
INSERT INTO Horario (Id,Hora) VALUES (20,'08:20:00')
go
INSERT INTO Horario (Id,Hora) VALUES (21,'08:45:00')
go
INSERT INTO Horario (Id,Hora) VALUES (22,'09:10:00')
go
INSERT INTO Horario (Id,Hora) VALUES (23,'09:30:00')
go
INSERT INTO Horario (Id,Hora) VALUES (24,'09:55:00')
go
INSERT INTO Horario (Id,Hora) VALUES (25,'9:00:00')
go
INSERT INTO Horario (Id,Hora) VALUES (26,'9:20:00')
go
INSERT INTO Horario (Id,Hora) VALUES (27,'9:45:00')
go
INSERT INTO Horario (Id,Hora) VALUES (28,'10:10:00')
go
INSERT INTO Horario (Id,Hora) VALUES (29,'10:30:00')
go
INSERT INTO Horario (Id,Hora) VALUES (30,'10:55:00')
go

INSERT INTO Horario (Id,Hora) VALUES (31,'10:30:00')
go
INSERT INTO Horario (Id,Hora) VALUES (32,'10:50:00')
go
INSERT INTO Horario (Id,Hora) VALUES (33,'11:15:00')
go
INSERT INTO Horario (Id,Hora) VALUES (34,'11:40:00')
go
INSERT INTO Horario (Id,Hora) VALUES (35,'12:00:00')
go
INSERT INTO Horario (Id,Hora) VALUES (36,'12:25:00')
go

INSERT INTO Horario (Id,Hora) VALUES (37,'12:00:00')
go
INSERT INTO Horario (Id,Hora) VALUES (38,'12:20:00')
go
INSERT INTO Horario (Id,Hora) VALUES (39,'12:45:00')
go
INSERT INTO Horario (Id,Hora) VALUES (40,'13:10:00')
go
INSERT INTO Horario (Id,Hora) VALUES (41,'13:30:00')
go
INSERT INTO Horario (Id,Hora) VALUES (42,'13:55:00')
go
INSERT INTO Horario (Id,Hora) VALUES (43,'13:00:00')
go
INSERT INTO Horario (Id,Hora) VALUES (44,'13:20:00')
go
INSERT INTO Horario (Id,Hora) VALUES (45,'13:45:00')
go
INSERT INTO Horario (Id,Hora) VALUES (46,'14:10:00')
go
INSERT INTO Horario (Id,Hora) VALUES (47,'14:30:00')
go
INSERT INTO Horario (Id,Hora) VALUES (48,'14:55:00')
go

INSERT INTO Horario (Id,Hora) VALUES (49,'14:30:00')
go
INSERT INTO Horario (Id,Hora) VALUES (50,'14:50:00')
go
INSERT INTO Horario (Id,Hora) VALUES (51,'15:15:00')
go
INSERT INTO Horario (Id,Hora) VALUES (52,'15:40:00')
go
INSERT INTO Horario (Id,Hora) VALUES (53,'16:00:00')
go
INSERT INTO Horario (Id,Hora) VALUES (54,'16:25:00')
go

INSERT INTO Horario (Id,Hora) VALUES (55,'16:00:00')
go
INSERT INTO Horario (Id,Hora) VALUES (56,'16:20:00')
go
INSERT INTO Horario (Id,Hora) VALUES (57,'16:45:00')
go
INSERT INTO Horario (Id,Hora) VALUES (58,'17:10:00')
go
INSERT INTO Horario (Id,Hora) VALUES (59,'17:30:00')
go
INSERT INTO Horario (Id,Hora) VALUES (60,'17:55:00')
go

INSERT INTO Horario (Id,Hora) VALUES (61,'17:30:00')
go
INSERT INTO Horario (Id,Hora) VALUES (62,'17:50:00')
go
INSERT INTO Horario (Id,Hora) VALUES (63,'18:15:00')
go
INSERT INTO Horario (Id,Hora) VALUES (64,'18:40:00')
go
INSERT INTO Horario (Id,Hora) VALUES (65,'19:00:00')
go
INSERT INTO Horario (Id,Hora) VALUES (66,'19:25:00')
go

INSERT INTO Horario (Id,Hora) VALUES (67,'18:00:00')
go
INSERT INTO Horario (Id,Hora) VALUES (68,'18:20:00')
go
INSERT INTO Horario (Id,Hora) VALUES (69,'18:45:00')
go
INSERT INTO Horario (Id,Hora) VALUES (70,'19:10:00')
go
INSERT INTO Horario (Id,Hora) VALUES (71,'19:30:00')
go
INSERT INTO Horario (Id,Hora) VALUES (72,'19:55:00')
go
INSERT INTO Horario (Id,Hora) VALUES (73,'19:00:00')
go
INSERT INTO Horario (Id,Hora) VALUES (74,'19:20:00')
go
INSERT INTO Horario (Id,Hora) VALUES (75,'19:45:00')
go
INSERT INTO Horario (Id,Hora) VALUES (76,'20:10:00')
go
INSERT INTO Horario (Id,Hora) VALUES (77,'20:30:00')
go
INSERT INTO Horario (Id,Hora) VALUES (78,'20:55:00')
go
INSERT INTO Horario (Id,Hora) VALUES (79,'20:00:00')
go
INSERT INTO Horario (Id,Hora) VALUES (80,'20:20:00')
go
INSERT INTO Horario (Id,Hora) VALUES (81,'20:45:00')
go
INSERT INTO Horario (Id,Hora) VALUES (82,'21:10:00')
go
INSERT INTO Horario (Id,Hora) VALUES (83,'21:30:00')
go
INSERT INTO Horario (Id,Hora) VALUES (84,'21:55:00')
go

INSERT INTO Horario (Id,Hora) VALUES (85,'05:25:00')
go
INSERT INTO Horario (Id,Hora) VALUES (86,'06:25:00')
go
INSERT INTO Horario (Id,Hora) VALUES (87,'07:25:00')
go
INSERT INTO Horario (Id,Hora) VALUES (88,'08:25:00')
go
INSERT INTO Horario (Id,Hora) VALUES (89,'09:25:00')
go
INSERT INTO Horario (Id,Hora) VALUES (90,'10:55:00')
go
INSERT INTO Horario (Id,Hora) VALUES (91,'12:25:00')
go
INSERT INTO Horario (Id,Hora) VALUES (92,'13:55:00')
go
INSERT INTO Horario (Id,Hora) VALUES (93,'14:25:00')
go
INSERT INTO Horario (Id,Hora) VALUES (94,'16:25:00')
go
INSERT INTO Horario (Id,Hora) VALUES (95,'17:55:00')
go
INSERT INTO Horario (Id,Hora) VALUES (96,'18:25:00')
go
INSERT INTO Horario (Id,Hora) VALUES (97,'19:25:00')
go
INSERT INTO Horario (Id,Hora) VALUES (98,'20:25:00')
go

INSERT INTO Horario (Id,Hora) VALUES (99,'06:35:00')
go
INSERT INTO Horario (Id,Hora) VALUES (100,'07:35:00')
go
INSERT INTO Horario (Id,Hora) VALUES (101,'08:35:00')
go
INSERT INTO Horario (Id,Hora) VALUES (102,'09:35:00')
go
INSERT INTO Horario (Id,Hora) VALUES (103,'10:35:00')
go
INSERT INTO Horario (Id,Hora) VALUES (104,'12:05:00')
go
INSERT INTO Horario (Id,Hora) VALUES (105,'13:35:00')
go
INSERT INTO Horario (Id,Hora) VALUES (106,'14:05:00')
go
INSERT INTO Horario (Id,Hora) VALUES (107,'16:35:00')
go
INSERT INTO Horario (Id,Hora) VALUES (108,'17:35:00')
go
INSERT INTO Horario (Id,Hora) VALUES (109,'19:05:00')
go
INSERT INTO Horario (Id,Hora) VALUES (110,'19:35:00')
go
INSERT INTO Horario (Id,Hora) VALUES (111,'20:35:00')
go
INSERT INTO Horario (Id,Hora) VALUES (112,'21:35:00')
go

insert into Sentido(id,descricao)
values(1,'Philadelphia'), (2,'Atlantic City')
go

BEGIN
Declare @idEstacao int
Select @idEstacao = id from Estacao WHERE nome = 'Philadelphia'
INSERT INTO EstacaoHorario (IdEstacao, IdHorario, IdSentido)
VALUES
(@idEstacao, 1, 2), (@idEstacao, 7, 2), (@idEstacao, 13, 2), (@idEstacao, 19, 2),
(@idEstacao, 25, 2), (@idEstacao, 31, 2), (@idEstacao, 37, 2), (@idEstacao, 43, 2),
(@idEstacao, 49, 2), (@idEstacao, 55, 2), (@idEstacao, 61, 2), (@idEstacao, 67, 2),
(@idEstacao, 73, 2), (@idEstacao, 79, 2)
END

BEGIN
Select @idEstacao = id from Estacao WHERE nome = 'Pennsauken'
INSERT INTO EstacaoHorario (IdEstacao, IdHorario, IdSentido)
VALUES
(@idEstacao, 2, 2), (@idEstacao, 8, 2), (@idEstacao, 14, 2), (@idEstacao, 20, 2),
(@idEstacao, 26, 2), (@idEstacao, 32, 2), (@idEstacao, 38, 2), (@idEstacao, 44, 2),
(@idEstacao, 50, 2), (@idEstacao, 56, 2), (@idEstacao, 62, 2), (@idEstacao, 68, 2),
(@idEstacao, 74, 2), (@idEstacao, 80, 2), (@idEstacao, 99, 1), (@idEstacao, 100, 1),
(@idEstacao, 101, 1), (@idEstacao, 102, 1), (@idEstacao, 103, 1), (@idEstacao, 104, 1),
(@idEstacao, 105, 1), (@idEstacao, 106, 1), (@idEstacao, 107, 1), (@idEstacao, 108, 1),
(@idEstacao, 109, 1), (@idEstacao, 110, 1), (@idEstacao, 111, 1), (@idEstacao, 112, 1)
END

BEGIN
Select @idEstacao = id from Estacao WHERE nome = 'Lindenwold'
INSERT INTO EstacaoHorario (IdEstacao, IdHorario, IdSentido)
VALUES
(@idEstacao, 3, 2), (@idEstacao, 9, 2), (@idEstacao, 15, 2), (@idEstacao, 21, 2),
(@idEstacao, 27, 2), (@idEstacao, 33, 2), (@idEstacao, 39, 2), (@idEstacao, 45, 2),
(@idEstacao, 51, 2), (@idEstacao, 57, 2), (@idEstacao, 63, 2), (@idEstacao, 69, 2),
(@idEstacao, 75, 2), (@idEstacao, 81, 2), (@idEstacao, 4, 1), (@idEstacao, 10, 1),
(@idEstacao, 16, 1), (@idEstacao, 22, 1), (@idEstacao, 28, 1), (@idEstacao, 34, 1),
(@idEstacao, 40, 1), (@idEstacao, 46, 1), (@idEstacao, 52, 1), (@idEstacao, 58, 1),
(@idEstacao, 64, 1), (@idEstacao, 70, 1), (@idEstacao, 76, 1), (@idEstacao, 82, 1)
END

BEGIN
Select @idEstacao = id from Estacao WHERE nome = 'Atco'
INSERT INTO EstacaoHorario (IdEstacao, IdHorario, IdSentido)
VALUES
(@idEstacao, 4, 2), (@idEstacao, 10, 2), (@idEstacao, 16, 2), (@idEstacao, 22, 2),
(@idEstacao, 28, 2), (@idEstacao, 34, 2), (@idEstacao, 40, 2), (@idEstacao, 46, 2),
(@idEstacao, 52, 2), (@idEstacao, 58, 2), (@idEstacao, 64, 2), (@idEstacao, 70, 2),
(@idEstacao, 76, 2), (@idEstacao, 82, 2), (@idEstacao, 3, 1), (@idEstacao, 9, 1),
(@idEstacao, 15, 1), (@idEstacao, 21, 1), (@idEstacao, 27, 1), (@idEstacao, 33, 1),
(@idEstacao, 39, 1), (@idEstacao, 45, 1), (@idEstacao, 51, 1), (@idEstacao, 57, 1),
(@idEstacao, 63, 1), (@idEstacao, 69, 1), (@idEstacao, 75, 1), (@idEstacao, 81, 1)
END

BEGIN
Select @idEstacao = id from Estacao WHERE nome = 'Egg Harbor City'
INSERT INTO EstacaoHorario (IdEstacao, IdHorario, IdSentido)
VALUES
(@idEstacao, 5, 2), (@idEstacao, 11, 2), (@idEstacao, 17, 2), (@idEstacao, 23, 2),
(@idEstacao, 29, 2), (@idEstacao, 35, 2), (@idEstacao, 41, 2), (@idEstacao, 47, 2),
(@idEstacao, 53, 2), (@idEstacao, 59, 2), (@idEstacao, 65, 2), (@idEstacao, 71, 2),
(@idEstacao, 77, 2), (@idEstacao, 83, 2), (@idEstacao, 85, 1), (@idEstacao, 86, 1),
(@idEstacao, 87, 1), (@idEstacao, 88, 1), (@idEstacao, 89, 1), (@idEstacao, 90, 1),
(@idEstacao, 91, 1), (@idEstacao, 92, 1), (@idEstacao, 93, 1), (@idEstacao, 94, 1),
(@idEstacao, 95, 1), (@idEstacao, 96, 1), (@idEstacao, 97, 1), (@idEstacao, 98, 1)
END

BEGIN
Select @idEstacao = id from Estacao WHERE nome = 'Atlantic City'
INSERT INTO EstacaoHorario (IdEstacao, IdHorario, IdSentido)
VALUES
(@idEstacao, 1, 1), (@idEstacao, 7, 1), (@idEstacao, 13, 1), (@idEstacao, 19, 1),
(@idEstacao, 25, 1), (@idEstacao, 31, 1), (@idEstacao, 37, 1), (@idEstacao, 43, 1),
(@idEstacao, 49, 1), (@idEstacao, 55, 1), (@idEstacao, 61, 1), (@idEstacao, 67, 1),
(@idEstacao, 73, 1), (@idEstacao, 79, 1)
END